name,boothnum,comp_num
AERO Design Ltd.,9861,67383
Indra,7157,50860
BHI 2 (BHI Squared),33,12823
Universal Helicopters,31,84067
AvidAir International,9257,24653
TURBO PURE WATER,3309,73847
ecms Aviation Systems GmbH,8658,30662
UTC Aerospace Systems,4510,32441
"MD Helicopters, Inc.",9349,23389
GE Aviation,10357,2140
Consolidated Turbine Specialists,3603,96437
Vantage,2119,121344
"Sikorsky, a Lockheed Martin Company",8114,4040
Pratt & Whitney Canada,7117,3270
Van Horn Aviation LLC,6906,28081
Precision Heliparts Inc.,4910,11010
"Eagle Technologies, LLC",9161,105859
Mannarino Systems & Software Inc.,9160,69008
"Robertson Fuel Systems, LLC A HEICO Company",11531,3726
Air Comm Corporation,10734,7227
Parker Aerospace,2420,2138
Southern Cross Aviation,4123,102584
Cascade Rescue Company,2117,114863
Optima Aero,2600,117520
ZODIAC AEROSPACE,5307,97659
"ENSCO Avionics, Inc.",8708,44812
"Advanced Composite Structures, Inc.",11331,1669
"Frasca International, Inc.",4917,2094
"Green Power Monitoring Systems, Inc",28,108326
Airbus,7648,1070
"XP Services, Inc",1721,117726
Luminator Luminator Technology Group,11334,6272
Uniflight,3406,11661
Lobo Leasing Limited,4907,80063
GKN Aerospace,2406,30852
"Bergen Cable Technology, LLC.",1622,116306
Arista Aviation,35,33401
"Helicomb International, Inc. Div of PCC Aerostructures",4304,2324
Arrow Aviation Co. LLC,10861,21357
HNZ Group Inc.,7306,14419
Troll Systems,8508,47512
Robinson Helicopter Company,29,3397
LORD Corporation,2817,2783
Jet-Care | Spectro,4904,26615
Rogerson Kratos,8310,1310
Jupiter Avionics Corporation,3211,84001
Cadorath,7106,8748
HFI Heritage of Helicopters,50,4359
Gallagher Aviation,5317,1408
Spider Tracks Limited,2012,53574
Teledyne Battery Products,5517,3764
Helinet,10531,6121
Churchill Navigation Inc.,7743,45850
Helitowcart (Vanair Inc.),8649,31994
StandardAero,10353,3678
"Triumph Group, Inc.",5704,32952
Meggitt PLC,4924,2630
US Customs and Border Protection Air and Marine Operations,7462,53340
Elbit Systems,2200,2697
HarcoSemco,10161,69289
Simplex Aerospace,4321,3575
Helicopter Association Int'l,4504,4453
Ametek Ameron - Mass Systems,11064,22018
PAC International,9342,45197
DeVore Aviation Corporation of America,5117,1803
Honeywell Aerospace,5423,29548
Robinson Helicopter Company,29,3397
"FLIR Systems, Inc.",5320,2717
HAI Safety Booth,7703,9702
Dallas Executive Airport,12138,119745
QAI,7103,21022
Meridian Helicopters,21,110012
Universal Helicopters,8135,84067
"Austin Jet Aircraft Sales, Inc.",45,50007
Aerolite AG,8143,16616
Sino Russian Helicopters,1907,121387
Heli-One,2608,50206
Americase,2403,103547
Kaman Aerospace,9756,7590
CAE,7423,28551
Eagle Copters Maintenance Ltd,25,8875
AeroDirections,2009,114869
Bad Wolf Technologies,4012,68335
Enstrom Helicopter Corporation,4517,1950
Ontic,7608,10834
Commission on Accreditation of Medical Transport Systems (CAMTS),8103,80617
BLR Aerospace,11343,45292
Blade Shade,9159,115935
Advanced Helicopter Services Cascade Helicopter Services,9338,32235
TowCart.com LLC,12141,91576
START PAC,7303,8590
Safran Helicopter Engines,10542,4267
"Machida, Inc.",1917,5679
BORESCOPES R US,9163,49261
"AeroLEDs, LLC",11055,97200
Leonardo,3017,1093
FreeFlight Systems,2217,28227
"HeliValue$, Inc.",7717,7384
AmSafe,9242,23189
Helinetwork International,7154,19909
CONTINENTAL FORGE,8659,117719
"Kong USA, LLC",4124,105775
"Unical Defense, Inc.",26,115296
Pilatus Business Aircraft Ltd,6903,11485
Metro Aviation,9342,6721
Marenco Swisshelicopter Ltd,7110,77857
Onboard Systems,2603,3132
Essential Turbines Inc.,11340,15496
"Aero Dynamix, Inc.",9961,21368
Heliproducts Industries Ltd,8560,45429
Waypoint Leasing (Ireland) Limited,9836,93433
Prime Turbines,10561,115852
Breeze-Eastern LLC,9334,1487
"Heli-Mart, Inc.",4312,2310
ZF,8935,20485
Allstands Inc.,7361,48606
"Intermountain Turbine Services, Inc",5520,17573
Airborne Displays Frederick Aero Development,1823,75468
Hutchinson Aerospace,3606,10431
DART Aerospace Ltd.,8540,2042
"Northwest Helicopters, LLC",4308,5676
Tri-Star Technologies,8111,45364
"Aircraft Component Design, Inc.",2017,68460
Helicopter Association Int'l,6622,4453
Magellan Aerospace,2828,27665
Helicopter Maintenance Magazine,1708,68249
Bell Helicopter,11249,1428
Redbird Flight Simulations,2804,80368
LifePort,2209,9557
LCI Helicopters Ltd.,2620,89970
Hillaero Modification Center,8630,68538
Isolair Inc.,8749,9357
RedViking,6108,91680
Filconn Inc.,5726,121173
ACES Systems,3307,6521
JJASPP ENGINEERING SERVICES LLC,2008,77287
Esterline CMC Electronics Inc.,3207,1575
Garmin International,9536,11396
Ducommun,4125,99345
Mid-Continent Instruments & Avionic True Blue Power,5717,6210
"Jet Support Services, Inc. (JSSI)",7536,11386
Nav-Aids Ltd.,2118,26899
"Columbia Helicopters,",6111,1675
Soloy Aviation Solutions,7238,3614
Astronics,10749,11092
Apple International Inc,10961,50141
Acme Aerospace,3400,8961
Outerlink Global Solutions,9342,79513
"Blue Sky Network, LLC",2113,1060
"Applied Composites Engineering, Inc",3212,28568
"Hillsboro Aero Academy, LLC",7148,104117
"Cannon Aviation Group, Inc.",1707,28915
Rexnord Aerospace,10964,99091
Kansas Aviation of Independence,3711,11755
BTX Global Logistics,1822,121956
Skye Avionics Ltd.,2122,74152
Ag-Nav Inc.,8308,43620
BHI 2 (BHI Squared),2428,12823
"Dayton T. Brown, Inc.",8530,6896
Mecaer Aviation Group S.p.A.,11537,34536
Aventech Research Inc.,3513,86925
Rolls-Royce,10349,1198
Air and Ground Aviation Inc,1621,101884
Donaldson Aerospace & Defense,10537,31752
"Paravion Technology, Inc.",8340,5654
PCX Aerostructures,10331,26510
Guimbal / Precision,7123,66739
EuroTec Vertical Flight Solutions,5707,28544
"Flight Light, Inc.",11057,53193
Foxcart GSE,8507,4114
Takata Protection Systems,7242,92011
"Rotair Industries, Inc.",6625,3421
Vector Aerospace,1612,39753
Socomore/Dysol/Dynamold,2018,121566
Endura Aviation,1819,121676
The Milestone Aviation Group Ltd,7520,75458
Casher,7237,45873
Astronautics Corporation of America,9949,96116
Essex Industries,5722,6465
"Machine Specialties, Inc.",10955,103949
AvQuest Insurance Service,5720,6666
Giannuzzi Aerospace LLC,1623,116176
Cobham,5124,68232
"Wysong Enterprises, Inc.",7503,10202
Priority 1 Air Rescue,2417,45270
Aviation Partners Group,9263,51385
AirVault - Critical Technologies,2109,92756
"Arc-Tronics, Inc.",3311,86432
Complete Flight,7730,104428
Able Aerospace Services,11542,1010
"Laversab, Inc.",8204,14359
ErectaStep,3812,88266
EuroAvionics USA,8730,68274
MASCO Service Corporation,3411,2854
Denison Industries,3611,96107
Avfuel Corporation,8330,7628
"HELI-TECH, Inc.",3312,10139
U.S. Department of Interior Office of Aviation Services,8660,4454
Honeycomb,6624,11111
Robinson Helicopter Company,11842,3397
"Dallas Airmotive, Inc.",7608,15463
H.E.R.O.S. Inc.,11337,2713
Alpine Aerotech LP,1617,9549
Thales,2628,10015
United Rotorcraft An Air Methods Division,5310,45130
"Dayton-Granger, Inc",3511,1795
Trax,2228,117599
LifeBlanket,2112,30454
Erickson Incorporated,9356,1956
Digitran Unit of Electro Switch Cor,9140,32271
"Transupport, Inc.",7517,3860
Professional Pilot Magazine,3913,3286
Helicopter Association Int'l,1922,4453
Rockwell Collins,7336,1666
DEAGA USA Inc,4324,121564
HELIMOB,12142,120418
Emergco,2123,23172
CNC Technologies,11534,117233
ForeFlight,8710,98550
MISSIONMAP,6621,115141
"Tri County Instruments, Inc.",7830,21853
"Tradewind International, LLC",8430,15169
Lumitron Aerospace Lighting Components,8211,47749
"Hickok & Associates, Inc.",8631,32924
"Air Flite, Inc.",10957,26822
Global Aerospace,8656,1274
Piedmont Airlines,12243,91307
WinAir,1817,31238
ELITE Simulation Solutions,12140,45122
Precision Heli-Support,10934,120775
Israel Aerospace Industries (IAI),10439,20693
Avion Power,8549,98247
Barfield Inc.,8849,1393
Airwolf Aerospace LLC,11237,53306
Lite Metals Company,10437,13861
AirSuite Inc,9259,116185
"Helitrades, Inc.",11245,8746
L3,10056,3893
SACS Boysen Aerospace U.S. Inc.,8754,92506
"Hillsboro Aviation, Inc.",7540,2463
"Rotorcraft Support, Inc.",8140,5070
Kipper Tool Company,8206,68544
"Transaero, Inc.",9153,3853
Pall Aerospace,4920,10594
Aviall a Boeing Company,9952,1312
Rotorcraft Pro Media Network (RPMN),8851,22520
Aero Sekur S.p.A.,8760,75158
"Partsbase, Inc.",8854,12463
Ukrainian Helicopters,8761,50946
STEPHAN/H,8758,103923
"Calibration Specialty, Inc.",8753,23144
Meeker Aviation Services Ltd.,8853,18362
Genesys Aerosystems,8606,28751
"Nebraska Gas Turbine, Inc",11131,34447
Cappsco International Corp.,8209,14899
"Tech-Tool Plastics, Inc.",9045,3759
CEVIANS LLC,8203,116508
ADAC HEMS Academy GmbH,7740,78664
Professional Aircraft Accessories - A Greenwich AeroGroup Company,6304,3173
Fort Lauderdale Downtown Helistop City of Fort Lauderdale,11145,12932
"Southwest Fuel Systems, LLC",10837,86919
"SRT Helicopters, LLC",9261,33209
"Air Dallas Instruments, Inc.",10731,8277
Aviation Battery Systems LLC,10949,86369
AeroComputers,10340,23419
"Colinear Machine & Design, Inc.",10342,116329
Universal Stainless,11063,78877
Aircraft Maintenance Systems,11137,48640
Lifesaving Systems,9239,15328
U.S. Forest Service National Interagency Fire Center,8661,53229
Helimission International,8554,69662
AVINCO,10931,73863
Action Aircraft Parts Action Aircraft Engine Overhaul,10958,2837
"Green Power Monitoring Systems, Inc",11062,108326
"Summit Helicopters, Inc.",10963,3717
Avpro Inc.,9361,84422
Aernnova,10557,102335
Transwest Helicopters Ltd,10959,92854
LMB NORTH AMERICA,10960,121345
Federal Aviation Administration Flight Service,8860,121788
Aviation International News,8861,3427
ACR Electronics,11058,12965
EAM Worldwide Eastern Aero Marine,10441,1891
"Aeroweld, Inc.",10962,19662
Specmat Technologies Inc.,11060,28586
Shephard Media,9138,3801
Aircraft Spruce & Specialty Company,9137,12037
"AeroBrigham, LLC",9240,117327
Placeteco,11061,42818
Pergam Technical Services,11059,50552
Health Services Integration,9162,117135
Timken,11049,52412
Bucher Leichtbau AG,10344,54144
International Turbine Service,7608,9513
Gazelle Aero LLC,15,121536
Airwork (NZ) Ltd,2220,13955
Keystone Turbines Services,10837,86920
Heliwelders an HNZ Company,7306,39500
Tiger Tugs,9236,75155
Mint Turbines LLC,10837,1709
"East/West Industries, Inc.",10337,20254
H+S Aviation Ltd.,7608,73572
Airmark International,9141,74064
Global Aviation Solutions,11,115957
"International Governor Services, LLC",7608,31301
Aviation Specialties Unlimited,10334,18565
Lamar Technologies LLC,11138,121229
Helicopter Association Int'l,9433,4453
Sterling Helicopter,10438,4145
BLR Aerospace,10,45292
"All-System Aerospace Intl, Inc.",7517,4111
US General Services Administration Aircraft Sales,3200,53202
"Instrument Technology, Inc.",3300,2156
ALOFT AeroArchitects,3205,86630
Hydro Engineering,3304,83014
AMS HELI DESIGN,3302,121543
"Falcon Field Airport City of Mesa, Arizona",3512,115314
Flight Helmet.com,3202,115116
NEDAERO / AD-S&Co,3301,86512
"Atec, Inc.",3612,8988
Bayards Heliport Solutions,3712,54103
"Helicopter Specialties, Inc.",3912,31228
Newport Aeronautical Sales,4009,12002
Appareo,8557,48605
Softtech Inc.,8108,85184
Global Turbine Parts,8107,23857
"Conklin & de Decker Associates, Inc Aviation Information",8207,7061
Helicopter Association Int'l,10753,4453
Delta Sigma Company,7344,103828
135 Air Carrier Management,8408,98276
Gradient Lens Corporation,8706,48583
Eastman Aviation Solutions,7244,32495
Staco Systems,4011,44134
"Liquid Measurement Systems, Inc.",4112,48882
Electro Enterprises,7348,23283
"L.J. Walch Co., Inc.",7448,27542
SEI Industries Ltd.,2617,3497
Bollore Logistics,7461,43508
Office of the Governor,7360,57174
"Consolidated Aircraft Supply Company, Inc.",8104,5207
"Oregon Aero, Inc.",8405,12595
Whirly-Girls International,3305,3457
Micro-Surface Finishing Products,3204,2917
Pacific Southwest Instruments,4212,10711
"Howell Instruments, Inc.",7444,2496
Macro-Blue Inc,4013,90512
"Cobra Systems, Inc.",7443,47224
PlaneTechs,8305,74303
Technisonic Industries Limited,8303,11273
Fastening Systems International Inc,7240,11163
Helicopter Technology Company,2824,11828
ST Laserstrike,3201,121357
Aeromaritime America Inc.,10149,14803
Curtiss-Wright,8751,39468
"Pentagon 2000 Software, Inc.",8109,7905
Eagle Copters Maintenance Ltd,8540,8875
PPG Aerospace,5304,78447
Toll Helicopters,3811,115847
Chappell Supply & Equipment,2800,95915
"Skurka Aerospace, Inc.",3400,76663
TRACE Worldwide Corp.,3403,34767
Air Technology Engines Inc.,3600,6082
Rotor & Wing International,9561,3425
Universal Avionics Systems Corp.,9149,3934
FlightSafety International,5710,2059
Rotorcraft Services Group (RSG),2623,9021
M International Inc,10837,7623
Trakka Systems,8510,45694
Aero Products Component Services,10361,9287
Firan Technology Group,5725,7057
Select Helicopter Services Ltd.,2023,84402
EIT Avionics,3209,103628
Helicopter Association Int'l,8858,4453
Panalpina Inc. Heliship Div.,8106,16626
Spectrum Aeromed,6104,11482
"RPX Technologies, Inc.",6618,99853
Helicopter Association of Canada,6617,14180
HeliMods Pty Ltd,2821,69792
Inventory Locator Service A Boeing Company,10534,2563
Sprung Structures Inc.,5723,30806
Aerometals,9731,1567
"Avenge, Inc.",6526,77549
Q1Aviation LTD.,6425,123407
Turboflare International,6326,122642
Ambassador Rotorcraft Painting,6121,108703
Schultz Engineered Products,6220,120777
RBI WORLDWIDE INC.,6020,122834
Helicopter Association Int'l,5925,4453
Eye in the Sky,6026,18865
Helisota,5921,32729
Clockwork Solutions,6520,48314
GPS Inventory Solutions,6120,80992
"Gables Engineering, Inc.",5924,2122
The Barden Corporation FAG/Schaffler KG,5922,77464
US Cargo Link,6025,123035
Flightdocs,6320,97047
"WGS Systems, LLC",6023,121747
Omega Adv Planning & Scheduling,6226,121622
Sisley Clothing Australia,6126,122272
S3 Repair Services,6217,117261
IKONICS Advanced Material Solutions,6118,90591
PSA Airlines,6024,122271
Gyro Specialist Inc,6021,72965
Air Parts & Supply Company (APSCO),5825,31386
Hughes Aerospace Corporation,5824,73533
"Truth Data Insights, LLC",6022,116952
Web Manuals Inc,6225,123152
Epic Helicopters,6224,46358
Spencer Aircraft,6018,120232
AMETEK Aerospace & Defense,5917,28564
Abingdon Co.,6125,122875
X-naut,6223,122431
Wortham Insurance & Risk Management,6124,83256
Seer Aerospace,6017,120767
"CommInnovations, Inc.",5918,15368
Lynn Welding,6117,119608
FX-LLC,6317,86576
Georgian Aerospace,6517,93438
ProFlo Industries LLC,6220,120773
TrooTrax,5823,99885
Aerosafe Risk Management,5821,46183
"Traxxall Technologies, Inc.",6417,116300
"AvStar Media, LLC",8404,28728
PALU srl,6518,120995
Trotter Controls,6524,121749
SAFESMART ACCESS AVIATION,6325,119247
"National Flight Services, Inc.",6318,39853
Bergad Specialty Foams,6423,121435
SUGINO,6426,122549
PCO,6424,121871
BCI AEROSPACE,6522,79047
Midvale Industries,6521,53616
NEXTEAM Group,6523,122043
PowerLift Hydraulic Doors,6122,121574
JENOPTIK Advanced Systems LLC,6323,121226
"Fortem Technologies, Inc.",6218,120998
"Columbia Helicopters,",7,1675
EuroTec Vertical Flight Solutions,19,28544
SEI Industries Ltd.,6,3497
"Southern Helicopters, Inc.",20,18671
Main Line Helicopter LLC,5,9900
Anhui Yingliu Aviation Technology,4,121235
"RMCI, Inc.",22,98309
"Precision Flight Controls, Inc",3,80296
Rogerson Kratos,1,1310
"Turbopower, LLC",1821,24421
TracMap Aviation Ltd,6508,80130
Eye-Fly Ltd,1921,99640
"Remote GeoSystems, Inc.",1706,93286
CANWEST Aerospace,2121,51989
Boost Human External Cargo Systems,2022,117597
"Unical Defense, Inc.",1606,115296
Helitune,4017,32143
Unitron Power Systems,2106,9969
WBParts Inc.,2006,86331
IMT-Vislink,2107,78457
Skyplan Services LTD,1906,46473
Safe Structure Designs,1806,121565
Galaxy Aviation Technology Inc.,1907,121388
Griffin Aerospace Models,1807,23804
"Chopper Spotter Company (J.B. Knowles, Inc.)",3808,9086
Luma Technologies,4224,48847
Envoy Air Inc.,4225,121532
Lexavia Integrated Systems,4218,68157
"Kell-Strom Tool Company, Inc.",4118,2661
Baldwin Aviation Safety/ Compliance,4217,48997
Point Lighting Corporation,4117,46194
Component Control,4221,5132
"The Kearns Group, LLC",4120,114599
"Life Support International, Inc.",4020,7945
"Corporate Service Supply & Manufacturing, Inc.",4025,13741
Straube,4024,34680
"McGriff, Seibels & Williams, Inc.",4022,7811
DAC INTERNATIONAL INC,3908,9568
Aero Precision DAC International,3908,43135
Helicopter Association Int'l,4004,4453
International Business Aviation Cou,4006,78383
Optical Scientific Inc,4007,96138
NEMSPA,4008,3053
"Precise Flight, Inc.",4317,3343
Silicon Forest Electronics,5107,75257
Kawak Avaition Technologies Inc.,5108,20381
Infinity Massage Chairs,5208,86514
Avalex Technologies Corporation,5112,15494
"PCB Piezotronics, Inc.",4206,53200
Kelly Manufacturing Company,4207,43145
"HRD Aero Systems, Inc.",4105,16850
FAA - Wide Area Augmentation System,4107,2026
"Mechanical Specialties, Inc.",4208,4400
IMS New Zealand Ltd,4108,58833
Women in Aviation International,4205,18320
"HiRel Connectors, Inc.",4204,10158
Helidex Offshore LLC,4104,71684
"DFW Instrument, LLC",4111,77292
Shield Technologies Corporation Envelop Protective Covers,3801,52232
FAA Center of Excellence - PEGASAS,3802,103477
IAC Ltd.,3800,2933
Intl. Helicopter Safety Team,3803,87167
Helicopter International Ministries,3804,95825
Brown Aviation Tool Supply Co.,3805,45722
Diagnostic Solutions International,3904,54047
Freedom Aero Service Inc.,3907,68058
Aero Metals Alliance,3807,121365
Greenwich AeroGroup,6304,78358
"Helicopter Services of Nevada, LLC",6308,53097
Heli-Parts Nevada,6308,45240
Latitude Technologies Corp.,6511,33744
"ARGUS International, Inc.",6411,77500
Dallas Avionics Inc.,6311,6470
"Frontline Aerospace, Inc.",12144,53899
"SureFlight, LLC",6612,71540
Safetech,6005,5513
Survitec Group,5906,116280
Hybrid Enterprises,6006,117690
Duncan Aviation,6004,1878
Whelen Engineering Co Inc,5904,2914
USSIC Aviation Group,6008,14214
"Survival Products, Inc.",5908,121228
"Pacific Oil Cooler Service, Inc.",5909,22113
Flight Suits dba Gibson & Barnes,6011,2055
Gold Coast Helicopters,5204,23264
Daniels Manufacturing Corp.,5104,1788
Falcon Crest Aviation Supply Inc.,6413,14540
ACF-50 / Lear Chemical,6313,2743
Advanced Torque Products,6513,43934
United Turbine Continental Motors Services,5206,77793
Laselec Inc,6811,43365
"AVIATRIX, INC.",6803,32483
"Actron Manufacturing, Inc.",6713,103550
NAASCO (North American Aviation Supply),6703,8004
SKYTRAC Systems Ltd.,5912,32559
Aureus International,6604,8840
Lonseal,6505,92270
"RHOTHETA USA, Inc.",6504,74541
Rugged Video,6506,103835
AAMSI,6607,80708
National Business Aviation Association (NBAA),6608,4778
World Fuel Services,8505,53564
Reliance Aerotech Services Inc.,8608,30222
"Aviation Search Group, LLC",9145,81045
People's Capital & Leasing Corp.,9157,80317
Helicopter Association Int'l,6700,4453
SHOTOVER Camera Systems,11935,91852
Helicopter Association Int'l,12306,4453
"Becker Avionics, Inc.",11937,5974
Southeast Aerospace,11939,44882
"MarathonNorco Aerospace, Inc.",12039,2830
US Army Aviation,12139,103556
Helicopter Services of Utah,9245,115287
"Lift-It Manufacturing Co., Inc",8503,91243
Avidyne Corporation,8807,15731
Tronair Inc.,7430,3873
"Executive Instruments, Inc.",7329,1979
HeliTrak,8531,68656
THOMMEN AIRCRAFT EQUIPMENT AG,7130,30855
ESG,6927,121396
SEMIA,6929,7121
Bose Corporation,6924,5850
PETERCEM - COMTRONIC,6923,82745
HEICO,6805,93877
ASE S.p.A.,6706,78898
"Lightspeed Aviation, Inc.",6711,32378
CAMP Systems International,7029,1566
Shaw Aerox LLC d/b/a Aerox Aviation Oxygen Systems,7021,48746
"Advantage Aviation Technologies, Inc.",7028,19279
"Merit Apparel Co., Inc.",7020,18527
Medallion Foundation,7025,42713
"Sun-Foil Aircraft Sunscreens, Inc.",7026,18455
MyGoFlight,6820,103172
HQ Aero Management (US) Inc.,6830,32066
B/E Aerospace,6829,22060
"Helitools, Inc.",7023,16799
Froude,7024,104681
Aspen Avionics,6827,73983
Guardian Mobility,6723,45337
Magnaghi Aeronautica,6724,78147
Napoleon Engineering Services,6918,103441
J Chadwick Co,6917,45805
"Broadcast Microwave Services, Inc.",6817,19598
FAA Wildlife Strike Database,6725,79615
Protective Packaging Corp.,6726,121397
"Power Sonix, Inc.",6824,31986
Shadin Avionics,6825,13789
McMurdo Group,6722,49448
Capewell Aerial Systems,6822,30458
H.W. Farren LLC Aerospace & Aircraft Transportation,6826,32547
DST CONTROL,6721,74543
"Helicopters International Shipping Services, Inc.",7027,28421
"Ferno Aviation, Inc.",6720,17135
HABCO,6921,40221
Control Products Corporation,7022,5254
CORRIDOR Aviation Service Software,7029,32467
"Projects Unlimited, Inc.",7018,28471
Integrated Procurement Technologies,7017,96779
"Aircraft Electric Motors, Inc.",6717,14703
David Clark Company Inc.,6718,1645
Clark Foam Products,6909,114888
Hartwig Aircraft Fuel Cell Repair,7009,32423
Breezer Mobile Cooling,6809,116828
Helicopter Helmet.com,6709,67885
Switlik Survival Products,7010,3740
Floats & Fuel Cells Inc.,6911,5300
"Volga Dnepr Unique Air Cargo, Inc.",7012,11875
Precision Fuel Components LLC,6913,28068
"Aviation Plus, Inc.",6810,9461
Dino-Lite Scopes (BigC),6813,95827
PAS MRO BEARING RETURN TO SERVICE,6806,95945
Heliport Systems Inc.,6818,2404
"Tiger Performance Products, Inc.",8603,48071
AV-DEC,8231,79757
"Aviation Assurance, Inc.",7828,50717
AOPA Insurance,7728,103536
"Dytran Instruments, Inc.",8130,23800
"Dynamic Solutions Systems, Inc.",8230,16584
"Pynco, Inc.",7428,80985
RF System Lab,7328,67285
Air Covers,7230,26460
Hitemco,7829,94143
"Downing Heliport Systems, Inc.",7429,1858
CarteNav Solutions Inc.,7628,115599
"Herber Aircraft Service, Inc.",7528,5101
Survival Systems USA,7529,24051
Langara Fishing Adventures,7629,68131
"Creative Tent International, Inc.",7330,85813
Computer Training Systems,7731,1695
BBA Aviation plc,7608,93624
Helitech International,7331,8130
Summit Aviation - A Greenwich AeroGroup Company,6304,28756
Avion/Avtask,7530,77560
"Aero Seats & Systems, Inc.",7630,30935
Airborne Law Enforcement Assn. (ALEA),7228,1139
National Transportation Safety Brd,6926,4452
Heli EFB,6920,98206
"Accurate Accessories, LLC",7128,30059
Fortner Accessory Service Corp.,6925,10132
Flightcert,7459,119728
TracPlus USA,7356,67228
SVP Broadcast Microwave,7358,98448
Swiss Rotor Solutions AG,7350,101832
Clegg Industries,7349,121440
Turtle-Pac Pty. Ltd.,7460,67273
California PopTop,7449,71530
"Sutton James, Inc.",7440,21180
Paramount Panels Inc.,7340,7981
"Aviation Instrument Services, Inc.",7341,1327
Vertical Magazine,7736,28670
Hawk Enterprises,8662,77625
USA Borescopes,7442,104299
Astro Tool Corporation,7359,4989
Digital Airware,8562,79722
JETNET LLC,8556,40844
"Applied Avionics, Inc",8653,30911
Miraj Corporation,8705,16569
Concorde Battery Corp.,8552,4113
Armour of America,8551,6382
"Lily Helipads, LLC.",8550,115576
Avionic Instruments LLC,3400,9925
702 Helicopter Inc.,12143,50063
Rolin Industries,12244,45081
"Leading Edge Insurance Agency, Inc.",12245,45580
Williams and Williams Inc.,12145,22620
"HelicopterBuyer, Inc.",12342,24420
Air Ambulance Technology GmbH,12345,30464
AirMed & Rescue Voyageur Group,12344,75688
"Merlin Simulation, Inc.",7451,28239
Axnes,7452,77553
Trade-A-Plane (TAP Publishing Company),7454,5836
KGS Electronics,8756,6993
EXTEX Engineered Products,7351,119638
"Spectrolab, Inc.",7353,3659
"WireMasters, Inc",8856,77820
Flightcell,7456,68793
Hangar One Avionics Inc.,7450,69665
IDG - Network Innovations Group,7357,121645
Air Maestro by Avinet,7458,53017
Global Aviation Helicopter LLC,11239,45794
Tanis Aircraft Products,11139,26464
Guardian Electric Manufacturing Co.,11140,28737
"Logic Aviation Services, LLC",11241,68993
Helicopter Accessory Service Inc.,11141,6027
HeliOps Magazine,11242,22443
OGMA,11143,102690
JSfirm LLC,11244,7960
ATP,7236,1154
Nampa Valley Helicopters an HNZ Company,7306,5522
"Aircraft Belts, Inc. (ABI)",11051,8761
"Applied Video Imaging, LLC",10950,98452
"Purolator Facet, Inc.",10951,2001
ITT Corporation,11052,91141
Airborne Engines Ltd.,10837,11565
VIH Aerospace Inc,10953,91997
REBTECH,11054,30939
HNZ Topflight,7306,17077
Safran Electronics & Defense,10542,3466
AEM Corp,11134,79639
Flight Flix LLC,5205,117742
CTG,2111,48315
MDS Coating Technologies Corp.,6705,48278
"Glenair, Inc.",5211,33290
Baker Aviation,6910,121950
True Blue Power,5717,86703
Dakota Air Parts International Inc.,1704,27136
"Allied Wire & Cable, Inc",1604,121382
Oasis Scientific Inc.,1603,117120
BAE Systems Land & Armaments,1702,8270
B/E  Aerospace Fischer GmbH,1601,6395
"RMCI, Inc.",1724,98309
Global Aviation Solutions,1626,115957
Euravia Engineering & Supply Co Ltd,2828,108771
"Tesla Industries, Inc.",1600,13186
Helicopter Association Int'l,1700,4453
FEC Heliports,5117,18752
"Vertivue, LLC",4517,103818
Reiser Simulation and Training GmbH,7740,116174
Brackett Aircraft,11144,4144
HELIWAGON,31,46104
Advanced Composite Structures Florida,11331,92265
Rotor-Tech International,11331,18236
Oceania Aviation Limited,11331,25590
Dodge City Community College,8135,90139
Night Flight Concepts,8135,52493
Embry-Riddle Aeronautical Univ.,8135,27860
"H2 Aviation, Inc.",11337,116504
"HYE-Tech Manufacturing, LLC",11337,57002
CANWEST Aerospace,2021,51989
Bristow Group,7151,45073
Satcom Direct Communicaitons,5106,30849
Platinum Simulators Inc,42,115985
Heli-1 Corporation,41,40180
United Aero Group,1721,104118
Skycore Aviation,1721,92752
Heliatica,2307,108002
Heliweb Magazine,2306,14228
Saudi Aramco,2304,1241
Ultra Electronics Flightline System,2204,47611
Rotor Zen Helicopters,2205,114606
MyFlightSolutions,2206,116520
HELIPASS.COM,10759,108036
"Pro Flight Gear, LLC",10857,104427
Aeryon Labs Inc.,10757,79249
Southern Rotorcraft USA Inc.,10858,46550
"Quality Resources, LLC",5907,78515
Aeronautical Accessories,11249,1058
TRU Simulation + Training,11249,104429
Heliladder of Blue Moon Designs LLC,9236,49334
Bell Helicopter,53,1428
Bell Helicopter,54,1428
Commemerative Air Force,50,79739
Cold War Air Museum,50,48242
"Aviation Specialty Insurance, Inc.",8561,79933
Kaman Aerospace,18,7590
Ateq Aviation LC,2600,92766
Heli-One,2608,92062